,Year,Teams,Points,Goals+,Goals-,avg age,avg heights (cm),avg weight (kg),avg player rating,avg player value (EU),avg player wage
0,2014,AC Chievo Verona,43,16,19,26.84,183.38,78.19,69.5,0,0
1,2014,AS Roma,70,31,14,26.24,182.09,75.61,73.45,0,0
2,2014,Atalanta,37,22,33,27.59,180.28,75.34,69.07,0,0
3,2014,Cesena,24,19,31,25.41,182.56,78.19,64.31,0,0
4,2014,Genoa,59,33,21,24.48,180.39,75.09,67.24,0,0
5,2014,AC Milan,52,30,19,27.48,183.44,78.48,76.67,0,0
6,2014,Palermo,49,30,25,25.57,184.43,78.0,67.3,0,0
7,2014,Sassuolo Calcio,49,25,22,26.93,183.0,76.7,69.07,0,0
8,2014,Torino,54,25,14,26.64,182.94,76.67,69.55,0,0
9,2014,Udinese Calcio,41,26,29,24.97,181.94,76.62,70.56,0,0
10,2014,Empoli,42,26,22,23.83,181.6,74.2,65.03,0,0
11,2014,Juventus,87,45,11,26.06,182.64,76.21,74.15,0,0
12,2014,Cagliari Calcio,34,24,36,22.56,180.19,73.06,66.81,0,0
13,2014,ACF Fiorentina,64,30,17,26.33,183.42,77.61,73.0,0,0
14,2014,FC Internazionale Milano,55,33,23,24.24,181.85,76.3,69.88,0,0
15,2014,SS Lazio,69,40,18,26.21,182.91,76.97,72.64,0,0
16,2014,Napoli,63,46,28,24.94,182.78,76.75,70.5,0,0
17,2014,Parma,26,19,27,27.0,182.52,76.12,68.27,0,0
18,2014,Sampdoria,56,23,15,25.18,183.43,77.64,69.68,0,0
19,2014,Hellas Verona,46,27,30,26.26,182.77,75.42,67.81,0,0
20,2015,SS Lazio,54,32,23,25.87,183.5,77.7,75.23,7606666,59100
21,2015,Hellas Verona,28,21,30,27.23,184.88,77.5,70.96,2210769,26500
22,2015,Empoli,46,22,20,24.6,181.64,75.48,68.48,1839600,18440
23,2015,ACF Fiorentina,64,34,16,25.76,184.24,78.16,73.96,5548000,43480
24,2015,Frosinone,31,18,26,25.57,182.46,75.43,66.75,1152321,6321
25,2015,FC Internazionale Milano,67,29,15,25.18,181.93,76.89,75.43,8390178,61786
26,2015,Juventus,91,37,6,26.31,182.96,77.31,79.35,15003846,102154
27,2015,Palermo,39,24,30,24.33,183.44,77.44,68.93,2221481,21296
28,2015,Sampdoria,40,29,25,25.54,182.54,77.39,70.46,3073571,29571
29,2015,Sassuolo Calcio,61,25,20,26.41,183.0,76.81,70.33,2776481,24333
30,2015,Bologna,42,20,21,26.0,182.19,74.84,69.39,2073064,20645
31,2015,AC Milan,57,28,22,26.26,182.81,77.93,76.26,7828703,65963
32,2015,Atalanta,45,27,21,27.7,182.63,77.52,71.81,2759629,29889
33,2015,Carpi,38,23,26,24.46,182.23,76.38,69.58,2037884,22846
34,2015,AC Chievo Verona,50,25,18,28.11,183.18,78.43,71.29,2349821,27821
35,2015,Genoa,46,29,19,25.62,181.38,75.55,71.79,3837413,34207
36,2015,Napoli,82,49,12,25.73,182.62,76.08,76.65,10291153,74000
37,2015,AS Roma,80,44,17,26.7,182.37,75.48,76.15,9617777,68556
38,2015,Torino,45,25,25,26.68,183.71,77.79,74.04,4833214,38214
39,2015,Udinese Calcio,39,18,28,25.36,182.46,76.04,72.32,3186607,30500
40,2016,Juventus,91,48,9,27.33,183.41,79.59,81.0,17967592,80630
41,2016,AS Roma,87,50,18,25.58,181.62,75.23,76.19,11063653,55731
42,2016,Atalanta,72,31,18,26.24,184.28,78.45,72.0,3467413,14207
43,2016,Bologna,41,24,25,24.9,183.32,75.58,72.26,3637903,13097
44,2016,AC Chievo Verona,43,25,30,28.23,183.1,78.0,71.3,2411500,4900
45,2016,Empoli,32,16,29,25.88,180.54,74.65,71.08,2790769,5192
46,2016,Genoa,36,24,24,25.03,181.52,75.86,71.34,3735689,16069
47,2016,AC Milan,63,32,20,25.48,183.44,76.7,76.78,8207407,51185
48,2016,Palermo,26,13,30,24.7,183.81,78.78,69.07,1993518,10000
49,2016,Pescara,18,19,38,24.58,181.03,75.12,67.09,1522272,2636
50,2016,SS Lazio,70,40,23,24.23,183.81,76.03,74.0,6903225,40161
51,2016,Napoli,86,44,19,25.52,182.3,75.52,77.78,12563703,56852
52,2016,Cagliari Calcio,47,38,34,28.33,183.12,75.38,72.12,2337083,6583
53,2016,FC Crotone,34,21,25,24.22,183.66,76.44,66.06,1153906,2375
54,2016,ACF Fiorentina,60,34,23,24.3,183.56,76.93,73.26,6502222,43000
55,2016,FC Internazionale Milano,62,44,22,25.48,182.33,75.45,75.15,10423181,54576
56,2016,Sampdoria,48,28,23,25.31,182.62,77.34,72.07,3956724,14000
57,2016,Sassuolo Calcio,46,27,28,26.15,182.78,76.78,72.26,4570000,14667
58,2016,Torino,53,43,31,26.54,182.65,76.35,75.0,5849038,20308
59,2016,Udinese Calcio,45,30,23,24.69,183.69,75.93,74.0,4731896,18517
60,2017,Juventus,95,45,8,27.77,184.0,79.69,81.65,23734615,121731
61,2017,Hellas Verona,25,14,35,25.71,181.64,74.75,69.96,2535357,16893
62,2017,Atalanta,60,30,18,24.11,185.14,78.25,71.18,5672857,23893
63,2017,Bologna,39,25,26,24.83,183.83,76.97,71.7,4703000,33267
64,2017,FC Crotone,35,23,25,23.73,183.47,76.03,66.23,1371166,9867
65,2017,FC Internazionale Milano,72,37,16,25.96,183.75,76.29,76.67,13677291,54542
66,2017,SS Lazio,72,45,21,25.12,183.48,76.88,73.24,8183333,34182
67,2017,Sampdoria,54,36,20,25.21,183.57,77.61,72.04,5169821,26929
68,2017,Sassuolo Calcio,43,11,22,25.77,183.81,77.46,72.58,5652692,35462
69,2017,Udinese Calcio,40,24,30,23.88,184.34,77.53,70.22,4004687,16406
70,2017,Benevento,21,23,40,24.68,181.68,74.82,68.5,2643750,19714
71,2017,Genoa,41,23,27,27.15,182.56,75.56,72.52,4970370,28037
72,2017,AS Roma,77,31,19,26.04,182.67,76.67,77.37,13695555,59926
73,2017,AC Chievo Verona,40,22,24,26.77,182.73,77.37,71.03,3408333,14467
74,2017,ACF Fiorentina,57,27,22,22.74,183.0,75.52,71.1,6648387,30097
75,2017,AC Milan,64,25,16,24.71,183.81,77.26,75.58,11658387,63677
76,2017,Napoli,91,43,18,26.07,180.48,74.3,77.67,15474814,62630
77,2017,SPAL,38,22,29,25.17,183.9,77.14,69.31,3085000,14931
78,2017,Torino,54,29,18,25.33,183.37,76.26,73.74,7250185,38519
79,2017,Cagliari Calcio,39,18,30,26.96,182.46,75.08,71.54,3615625,33708
80,2018,AC Chievo Verona,20,14,37,27.69,182.41,77.41,71.17,3313793,10517
81,2018,SS Lazio,59,36,25,25.52,182.88,77.06,75.39,10884848,38273
82,2018,Bologna,44,28,22,25.46,184.82,77.75,72.71,4771428,21714
83,2018,Empoli,38,33,30,25.06,182.91,76.45,68.15,2163939,8455
84,2018,Parma,41,18,25,27.69,181.07,74.38,69.9,2802413,22655
85,2018,Sassuolo Calcio,43,33,33,24.74,182.59,77.59,72.33,5555370,30037
86,2018,Torino,63,32,19,25.35,182.65,76.27,73.35,7524423,28423
87,2018,Atalanta,69,36,19,24.72,185.28,78.68,72.64,6632200,20880
88,2018,Juventus,90,39,13,27.16,184.96,80.16,82.16,27679000,130840
89,2018,Napoli,79,41,16,25.92,180.8,74.28,79.84,19816000,70000
90,2018,Cagliari Calcio,41,23,20,27.96,182.52,76.24,72.48,4088000,22360
91,2018,ACF Fiorentina,41,25,19,24.13,184.17,76.04,74.04,7315652,39261
92,2018,Frosinone,25,14,38,25.55,183.3,77.18,69.55,2637121,10545
93,2018,Genoa,38,21,22,25.76,183.4,75.6,72.16,4001600,12240
94,2018,FC Internazionale Milano,69,27,10,27.46,182.83,76.96,79.71,19418125,66792
95,2018,SPAL,42,20,26,26.41,185.3,78.11,70.74,3567592,10111
96,2018,Udinese Calcio,43,22,22,23.57,183.93,78.33,71.77,5071666,15533
97,2018,AS Roma,66,43,26,25.65,185.04,77.65,77.35,12983653,53769
98,2018,AC Milan,68,31,17,25.48,182.41,76.52,78.03,14662068,72552
99,2018,Sampdoria,53,28,16,24.78,182.96,76.37,72.11,5162407,23704
100,2019,Parma,49,56,57,27.94,182.7,76.67,69.73,2890000,22273
101,2019,ACF Fiorentina,49,51,48,24.0,184.4,76.27,70.4,5241500,26567
102,2019,Udinese Calcio,45,37,51,24.97,186.24,79.7,71.85,5127272,11061
103,2019,Cagliari Calcio,45,52,56,26.61,182.81,77.03,71.81,4768870,20323
104,2019,AS Roma,70,77,51,25.16,184.42,75.48,74.77,9323709,31516
105,2019,Sampdoria,42,48,65,24.22,182.31,76.03,70.62,4423750,18781
106,2019,SPAL,20,27,70,26.7,184.59,77.41,69.78,3191111,8741
107,2019,Torino,40,46,68,25.1,183.9,77.31,72.38,7419137,28793
108,2019,Hellas Verona,49,47,51,26.09,181.85,75.0,69.79,2782424,9485
109,2019,FC Internazionale Milano,82,81,36,25.67,182.33,76.03,75.67,14953666,53733
110,2019,Bologna,47,52,65,25.55,183.61,76.81,71.9,4812741,20387
111,2019,AC Milan,66,63,46,24.55,182.86,76.1,76.17,13243448,32483
112,2019,Juventus,83,76,43,27.0,184.79,79.64,80.06,22287121,113636
113,2019,SS Lazio,78,79,42,26.61,183.03,77.39,75.94,11658939,40455
114,2019,Atalanta,78,98,48,25.68,184.89,79.64,73.79,8712321,38393
115,2019,Genoa,39,47,73,25.25,183.88,75.75,71.12,4599375,10656
116,2019,Lecce,35,52,85,26.58,183.15,76.94,66.27,1410606,7576
117,2019,Sassuolo Calcio,51,69,63,25.46,182.07,76.43,71.25,4457500,27393
118,2019,Napoli,62,61,50,25.84,180.03,73.61,76.87,16718548,59839
119,2019,Brescia,25,35,79,24.93,184.54,77.39,69.57,3236607,7464
